Empresa,Ticker,Setor,"Valor de Mercado",P/L,P/VP,LPA,ROE,ROIC,"Margem Líquida","Margem Bruta","Margem EBITDA","CAGR de Lucro","CAGR de Receita","Dívida Líq. / EBITDA","Liquidez Corrente"
"American Express Company",AXP,"Financial Services",206107785154,19.53,6.15,15.37,0.3399,,0.1617,,0.0000,,,,1.41
"Verizon Communications Inc.",VZ,"Communication Services",208353597899,12.17,1.99,4.06,0.1707,,0.1243,0.5471,0.3426,,,3.50,0.91
"PepsiCo, Inc.",PEP,"Consumer Defensive",214623393396,26.17,10.52,6.00,0.4285,,0.0877,0.5323,0.1867,,,2.48,0.85
"McDonald&#8217;s Corporation",MCD,"Consumer Cyclical",219176472994,25.70,-101.10,11.95,,,0.3185,,0.5428,,,3.70,0.96
"Intel Corporation",INTC,Technology,252958495286,809.33,2.20,-0.06,0.0002,,-0.0051,0.3615,0.2348,,,0.78,2.02
"International Business Machines Corp",IBM,Technology,232875595307,22.28,7.12,11.14,0.3516,,0.1569,0.6059,0.2712,,,2.74,0.96
"Linde plc",LIN,"Basic Materials",232901907439,34.35,6.09,14.63,0.1782,,0.2030,0.4812,0.3862,,,1.75,0.88
"T-Mobile US, Inc.",TMUS,"Communication Services",225267223291,20.70,3.77,9.73,0.1818,,0.1245,0.5779,0.3606,,,3.71,1.00
"GE Vernova Inc.",GEV,Industrials,243800428455,50.77,21.67,17.70,0.4264,,0.1283,0.2119,0.0545,,,-3.73,0.98
"Wells Fargo &#038; Company",WFC,"Financial Services",248702232745,12.88,1.52,6.26,0.1173,,0.2666,,0.0000,,,,
"UnitedHealth Group Incorporated",UNH,Healthcare,251662212197,20.96,2.67,13.23,0.1254,,0.0269,0.1634,0.0521,,,2.35,0.79
"The Goldman Sachs Group, Inc.",GS,"Financial Services",256109635274,16.81,2.42,51.35,0.1386,,0.2892,,0.0000,,,,1.53
"Philip Morris International Inc.",PM,"Consumer Defensive",246403650956,21.78,-30.65,7.26,-1.4096,,0.2792,0.6564,0.4306,,,2.56,0.96
"RTX Corporation",RTX,Industrials,264093615165,39.56,4.04,4.96,0.1095,,0.0760,0.1946,0.1687,,,2.18,1.03
"Morgan Stanley",MS,"Financial Services",263283100756,16.24,2.58,10.21,0.1561,,0.2399,,0.0000,,,,2.05
"Lam Research Corporation",LRCX,Technology,274367193200,44.85,26.94,4.87,0.6557,,0.3022,0.4960,0.3701,,,-0.22,2.26
"Applied Materials, Inc.",AMAT,Technology,276549230353,35.70,12.73,9.76,0.3886,,0.2778,0.4899,0.3713,,,-0.13,2.72
"General Electric Company",GE,Industrials,296571479216,34.97,15.79,8.04,0.4469,,0.1898,0.3424,0.2649,,,0.79,1.04
"Merck &#038; Co., Inc.",MRK,Healthcare,298838021402,16.60,5.69,7.28,0.3688,,0.2808,0.6615,0.4477,,,1.24,1.54
"Cisco Systems, Inc.",CSCO,Technology,312215480514,28.42,6.54,2.78,0.2375,,0.1876,0.6497,0.2873,,,0.94,0.96
"The Coca-Cola Company",KO,"Consumer Defensive",330214608723,25.24,10.26,3.04,0.4332,,0.2734,0.6005,0.3905,,,1.72,1.46
"The Home Depot, Inc.",HD,"Consumer Cyclical",320347167809,22.62,25.00,14.22,1.4554,,0.0860,0.3264,0.1526,,,2.57,1.06
"Caterpillar Inc.",CAT,Industrials,335644312520,38.17,15.65,18.79,0.4353,,0.1314,0.2862,0.2075,,,2.48,1.44
"Advanced Micro Devices, Inc.",AMD,Technology,354614358570,83.33,5.63,2.61,0.0708,,0.1252,0.5430,0.2100,,,-0.90,2.85
"Procter &#038; Gamble Co",PG,"Consumer Defensive",334970250697,21.17,6.36,6.76,0.3156,,0.1930,0.5122,0.2869,,,1.06,0.72
"Bank of America Corporation",BAC,"Financial Services",354384565554,12.96,1.28,3.81,0.1022,,0.2840,,0.0000,,,,
"Palantir Technologies Inc.",PLTR,Technology,355068199971,239.45,48.06,0.62,0.2598,,0.3631,0.8465,0.3218,,,-4.82,7.11
"Micron Technology, Inc.",MU,Technology,413021307560,17.27,5.70,21.21,0.3982,,0.4149,0.7441,0.6376,,,-0.10,2.90
"AbbVie Inc.",ABBV,Healthcare,369388334812,88.49,-114.36,2.36,0.6225,,0.0691,0.7261,0.3712,,,2.78,0.67
"Netflix, Inc.",NFLX,"Communication Services",418504830994,39.00,15.65,2.53,0.4276,,0.2430,0.4587,0.6696,,,0.26,1.19
"Chevron Corporation",CVX,Energy,397811385195,30.01,2.11,6.63,0.0723,,0.0666,0.3179,0.2243,,,0.98,1.16
"Oracle Corporation",ORCL,Technology,420995613480,26.23,12.55,5.58,0.5757,,0.2530,0.6456,0.4601,,,4.17,1.35
"Costco Wholesale Corporation",COST,"Consumer Defensive",450509706265,52.92,27.23,19.18,0.2965,,0.0299,0.1276,0.0490,,,-0.06,1.06
"Mastercard Incorporated",MA,"Financial Services",440364441417,29.85,57.02,16.53,2.0992,,0.4565,0.7935,0.6350,,,0.43,1.04
"Visa Inc. Class A",V,"Financial Services",579954292700,28.24,15.01,10.65,0.5395,,0.5023,0.8168,0.7003,,,0.16,1.11
"Johnson &#038; Johnson",JNJ,Healthcare,585701820536,22.03,7.18,11.03,0.3503,,0.2846,0.6756,0.3733,,,0.83,1.03
"Exxon Mobil Corporation",XOM,Energy,669557219262,23.98,2.59,6.70,0.1108,,0.0890,0.1996,0.2095,,,0.59,1.15
"JPMorgan Chase &#038; Co.",JPM,"Financial Services",794545764645,14.71,2.32,20.03,0.1613,,0.3391,,0.0000,,,,
"Eli Lilly and Company",LLY,Healthcare,837361666574,40.82,31.55,22.92,1.0116,,0.3167,0.8252,0.5383,,,1.04,1.58
"Walmart Inc.",WMT,"Consumer Defensive",1002848510600,46.08,10.06,2.73,0.2185,,0.0307,0.2467,0.0652,,,1.24,0.79
"Berkshire Hathaway Inc. Class B",BRK.B,"Financial Services",1029582402965,15.38,0.00,31.03,0.0981,,0.1803,,0.2977,,,-2.15,7.07
"Meta Platforms Inc Class A",META,"Communication Services",1453128482440,24.45,6.69,23.50,0.3024,,0.3008,0.8179,0.5243,,,0.03,2.60
"Broadcom Inc.",AVGO,Technology,1491367626062,61.32,18.65,5.13,0.3337,,0.3657,0.6813,0.5545,,,1.37,1.90
"Alphabet Inc.",GOOG,"Communication Services",3562082499030,27.24,8.57,10.81,0.3571,,0.3281,0.5979,0.3877,,,-0.38,2.01
"Alphabet Inc.",GOOGL,"Communication Services",3577929569030,27.39,8.61,10.80,0.3571,,0.3281,0.5979,0.3877,,,-0.38,2.01
"Amazon.com, Inc.",AMZN,"Consumer Cyclical",2251864350899,29.26,5.48,7.17,0.2229,,0.1083,0.4847,0.2093,,,0.37,1.05
"Tesla, Inc.",TSLA,"Consumer Cyclical",1353089449110,333.88,16.47,1.08,0.0493,,0.0400,0.2012,0.1293,,,-2.39,2.16
"NVIDIA Corporation",NVDA,Technology,4311463949999,36.20,27.41,4.90,1.0149,,0.5560,0.7500,0.6694,,,-0.35,3.91
"Microsoft Corp.",MSFT,Technology,2775695685085,23.37,7.10,15.98,0.3439,,0.3904,0.6804,0.6210,,,0.18,1.39
"Apple Inc.",AAPL,Technology,3761493221920,32.35,42.67,7.91,1.5202,,0.2704,0.4816,0.3510,,,0.15,0.97
WHIRLPOOL,WHRL3,"Consumo Discricionário",6159630033.92,13.54,3.32,0.30,0.2007,0.1927,0.0357,0.1888,0.1218,-0.0884,0.0629,-0.28,0.92
"WIZ CO",WIZC3,Financeiro,1373603552.38,7.10,2.05,1.26,0.3057,0.2766,0.1454,0.6132,0.5818,0.0064,0.1149,-0.02,1.11
"WLM IND COM",WLMM3,"Consumo Discricionário",824553604.8,9.85,1.09,2.37,0.1079,0.0848,0.0287,0.1276,0.0495,0.0971,0.2489,1.72,1.85
"YDUQS PART",YDUQ3,"Consumo Discricionário",3061572465.67,18.29,1.13,0.66,0.0594,0.1036,0.0329,0.6050,0.3134,0.1307,0.0746,2.45,1.41
"ZAMP S.A.",ZAMP3,Restaurantes,1424270382.5,13.29,0.95,0.26,0.0721,0.0647,0.0205,0.6511,0.1377,,0.1851,0.93,0.87
VIVEO,VVEO3,Imobiliário,390612935.68,3.49,0.21,0.36,0.0604,0.0727,0.0099,0.1443,0.0581,,,4.14,1.33
"FER C ATLANT",VSPT3,Indústria,,12.34,0.21,0.72,0.0642,0.1257,0.0561,0.1439,0.3138,0.0000,0.1437,-0.51,0.99
"WDC NETWORKS",WDCN3,"Tecnologia da Informação",159922886.76,-0.78,0.32,-3.02,-0.3175,0.2398,-0.2200,0.2711,0.3882,,,-0.51,1.68
VALID,VLID3,"Tecnologia da Informação",1650639683.75,6.36,0.97,3.19,0.1510,0.1662,0.1267,0.3368,0.2144,0.4834,0.0124,0.04,2.42
VESTE,VSTE3,"Consumo Discricionário",394451758.35,22.77,0.36,0.00,0.0000,0.0597,0.0000,0.6367,0.2104,-0.2336,0.1550,1.06,1.53
VULCABRAS,VULC3,"Consumo Discricionário",5357999564.5,4.78,2.28,3.68,0.4911,0.3002,0.3273,0.4104,0.2082,1.0577,0.2473,1.04,3.27
WEG,WEGE3,Indústria,198994846285.18,33.58,12.29,1.52,0.3061,0.2886,0.1563,0.3353,0.2406,0.2219,0.1849,-0.27,1.55
WESTWING,WEST3,"Consumo Discricionário",87763849.2,-8.78,0.40,-0.89,-0.0450,-0.2090,-0.0657,0.3952,-0.1836,,-0.0925,3.99,2.72
"TELEF BRASIL",VIVT3,"Serviços de Comunicação",129094130346.22,21.57,1.94,1.91,0.0903,0.0915,0.1035,0.4475,0.4110,0.0527,0.0668,0.54,1.00
USIMINAS,USIM5,Materiais,8257791321.72,-2.74,0.41,-2.46,-0.1368,0.0304,-0.1172,0.0832,0.0835,0.2118,0.1030,-0.25,4.12
VALE,VALE3,Materiais,350693620408,26.51,2.03,3.04,0.0675,0.2890,0.0647,0.3498,0.4141,-0.1236,0.0048,0.70,1.15
VAMOS,VAMO3,Indústria,4606287281.05,13.83,1.77,0.27,0.1278,0.1082,0.0571,0.5243,0.6455,0.1290,0.3063,3.22,1.81
VIBRA,VBBR3,Energia,36963699296.04,18.91,1.84,1.67,0.0963,0.0848,0.0106,0.0488,0.0298,-0.1249,0.1833,3.48,1.95
VITTIA,VITT3,Materiais,691933943.4,10.88,0.99,0.44,0.1038,0.0653,0.0788,0.2971,0.1049,-0.0459,0.0909,1.54,2.65
"VIVARA S.A.",VIVA3,"Consumo Discricionário",6082092551.75,9.88,2.07,2.62,0.2201,0.2341,0.2047,0.6959,0.2942,0.3340,0.2364,0.15,3.63
VIVER,VIVR3,Imobiliário,19032159.51,-1.13,-0.42,-0.35,-0.2611,-0.0254,-0.3935,0.2989,0.0258,-0.6379,0.5294,0.36,0.90
"TEX RENAUX",TXRX3,"Consumo Discricionário",19146750.61,-0.74,-0.11,-13.40,0.1504,0.1668,-0.4927,0.2119,-0.0241,0.3814,0.0676,-126.10,0.38
3TENTOS,TTEN3,"Consumo Básico",7741404022.62,9.82,1.70,1.63,0.1810,0.0535,0.0497,0.1513,0.0415,,,2.80,1.36
TUPY,TUPY3,Indústria,1625166592.05,-2.72,0.71,-4.96,-0.2178,-0.0169,-0.0678,0.1262,0.0689,-0.2220,0.1788,3.36,2.40
ULTRAPAR,UGPA3,Energia,31600868403.36,13.06,2.05,2.20,0.1550,0.0887,0.0172,0.0657,0.0434,0.2239,0.1187,2.40,1.62
UNICASA,UCAS3,"Consumo Discricionário",95825227.8,-4.90,0.55,-0.30,-0.1096,-0.1089,-0.0842,0.3107,0.0016,-0.2004,0.0969,271.11,1.46
UNIPAR,UNIP3,Materiais,6740399249.76,13.83,3.75,4.32,0.2008,0.1011,0.0950,0.2849,0.2154,0.0585,0.0586,2.21,2.29
"GRUPO TOKY",TOKY3,"Consumo Discricionário",86714796,-0.88,0.19,-0.43,-0.8477,-0.0359,-0.0651,0.5250,0.1345,,0.1910,2.45,0.88
TC,TRAD3,"Consumo Discricionário",89246872.37,1.01,0.78,2.16,0.5170,-0.2511,3.1478,0.1905,-1.8884,,,0.17,8.24
TEGMA,TGMA3,Indústria,1933885409.5,9.03,2.37,0.00,0.0000,0.1876,0.0000,0.1928,0.1485,0.2558,0.1707,0.27,2.10
TEKNO,TKNO3,Materiais,643288241.99,21.11,2.19,10.18,0.0940,0.0610,0.1011,0.2126,0.1191,0.1859,0.1024,-1.00,3.78
TIM,TIMS3,"Serviços de Comunicação",63415257317.39,15.23,1.73,0.74,0.0000,0.2320,0.0723,0.5393,0.5161,0.1852,0.0905,-0.23,0.89
TOTVS,TOTS3,"Tecnologia da Informação",20529504149.25,23.49,4.10,1.49,0.1794,0.2502,0.1545,0.7026,0.4352,0.2477,0.1733,0.02,1.96
"TRIUNFO PART",TPIS3,Indústria,297000000,-0.77,0.58,-8.77,-0.4885,0.2877,-0.3660,0.2890,-0.0522,0.2284,0.0171,-21.57,0.23
"TRACK FIELD",TFCO4,"Consumo Discricionário",1032822465.28,4.41,1.91,3.71,0.4653,0.2537,0.2320,0.5746,0.2280,0.5654,0.3138,0.57,2.72
TRISUL,TRIS3,Imobiliário,1346527335.9,6.87,0.97,0.84,0.1343,0.0630,0.1478,0.2934,0.1582,0.0368,0.0942,2.38,2.97
TENDA,TEND3,Imobiliário,3606249231.84,7.56,3.19,4.13,0.4313,0.2399,0.1212,0.3008,0.1649,0.2035,0.1283,0.39,2.10
"TAURUS ARMAS",TASA3,Indústria,706659386.13,40.12,0.57,0.13,0.0139,-0.0022,0.0121,0.3433,0.0422,-0.4175,-0.0377,9.26,1.58
TECHNOS,TECN3,"Consumo Discricionário",509785019.55,7.58,1.24,1.17,0.1680,0.1652,0.1494,0.5469,0.2576,0.2487,0.1436,0.07,3.69
TECNISA,TCSA3,Imobiliário,97913575.9,-0.94,0.33,-1.37,-0.3113,-0.1203,-0.4692,-0.1607,-0.4300,-0.1803,0.0350,-5.37,1.44
TELEBRAS,TELB3,"Serviços de Comunicação",1423723896.84,10.60,-4.17,-2.88,0.4417,-0.2103,-3.7981,-0.3503,-0.0585,,0.4962,52.25,6.29
TAESA,TAEE11,Utilities,14243023665.59,9.38,1.95,1.53,0.2095,0.1183,0.3417,0.5507,0.5066,-0.0693,0.0536,4.37,1.57
"BOA SAFRA",SOJA3,Materiais,957843144,50.59,0.76,0.14,0.0148,0.0310,0.0076,0.1029,0.0577,0.0689,0.3483,2.13,6.77
SERENA,SRNA3,"Energia - Diversos",,665.05,1.40,0.02,0.0022,0.1004,0.0018,0.1707,0.2618,,,6.20,1.29
SONDOTECNICA,SOND3,Indústria,153235460,2.66,1.40,14.55,0.5186,0.5006,0.1580,0.3794,0.2572,0.1113,0.2862,-0.88,1.55
"SUZANO S.A.",SUZB3,Materiais,63762092500.6,4.89,1.50,10.61,0.3146,0.0529,0.2675,0.3238,0.4274,-0.2301,0.1047,3.25,3.19
"SYN PROP TEC",SYNE3,Imobiliário,630421557.85,9.49,0.91,0.42,0.0731,0.0376,0.1973,0.5310,0.4872,0.0499,-0.0759,1.47,1.30
SANSUY,SNSY3,Materiais,38921891.2,-0.31,-0.04,-36.64,0.1322,0.0203,-0.2897,0.1950,-0.0187,-0.3020,0.1380,-13.98,0.65
"SAO MARTINHO",SMTO3,Utilities,6771708914.67,5.78,0.97,3.67,0.1749,0.1139,0.1762,0.2460,0.4917,0.0718,0.1001,2.38,2.87
SCHULZ,SHUL3,Indústria,5320348208.56,34.55,6.66,0.81,0.1916,0.0494,0.1491,0.2352,0.1088,0.1530,0.1302,-0.63,2.60
SIMPAR,SIMH3,Indústria,6452508589.67,176.19,1.54,0.07,0.0114,0.0338,0.0009,0.2617,0.2783,-0.2975,0.3483,3.70,1.19
"SLC AGRICOLA",SLCE3,"Consumo Básico",9296624135.2,16.80,1.85,1.11,0.1090,0.0959,0.0569,0.3001,0.2393,0.0260,0.2030,2.18,1.80
"SMART FIT",SMFT3,"Consumo Discricionário",11355273024.92,18.48,2.09,1.04,0.1133,0.1222,0.0882,0.4249,0.4786,0.4278,0.4196,1.17,1.32
"TIME FOR FUN",SHOW3,"Consumo Discricionário",29459314.94,-0.57,0.29,-7.76,-0.4520,-0.0153,-0.2894,0.2729,0.0176,0.4691,0.3522,-7.05,1.30
"SEQUOIA LOG",SEQL3,Indústria,1497839550.72,-0.14,-2.41,-39.59,-2.7044,-0.5064,-1.3366,-0.1152,-0.7873,,,-1.08,0.17
SABESP,SBSP3,Utilities,106525516522.72,14.21,2.63,10.55,0.1820,0.1206,0.2081,0.3702,0.3803,0.1869,0.2618,1.92,1.12
SANEPAR,SAPR11,Utilities,13303646079.75,6.47,1.09,1.38,0.1726,0.0901,0.2886,0.5627,0.3595,0.1585,0.0847,0.69,1.20
"GRUPO SBF",SBFG3,"Consumo Discricionário",2844178487.9,9.16,0.98,1.34,0.1107,0.1125,0.0424,0.4828,0.1340,0.5543,0.2630,2.18,1.36
"SAO CARLOS",SCAR3,Imobiliário,872410890.09,13.46,0.81,1.11,0.0457,0.0305,0.2147,0.4882,0.3935,-0.0592,-0.0245,3.60,1.78
"SER EDUCA",SEER3,"Consumo Discricionário",1585849619.2,12.62,1.27,0.00,0.0000,0.2062,0.0000,0.5917,0.3189,0.2178,0.1213,0.64,1.26
"ALFA HOLDING",RPAD3,Materiais,495489556.75,16.27,0.45,0.55,,,19.1307,-2.9624,,0.0000,0.0000,,20.16
"SANTANDER BR",SANB11,Financeiro,110027057994.61,8.86,0.92,1.56,0.0971,,0.0776,0.3547,,-0.0514,0.2095,,
RIOSULENSE,RSUL4,"Consumo Discricionário",153082053.75,5.64,1.33,10.61,0.2449,0.2267,0.1533,0.4201,0.2441,0.2181,0.1658,-0.58,2.74
"PET MANGUINH",RPMG3,Energia,142152420.9,-0.09,-0.02,-24.50,0.2457,0.2697,-0.1919,-0.1443,-0.2053,,0.4531,0.03,0.76
ROMI,ROMI3,Indústria,654990351.41,7.83,0.53,0.91,0.0693,0.1555,0.0642,0.2792,0.3137,-0.1337,0.0639,1.31,2.35
"ROSSI RESID",RSID3,Imobiliário,33854580.68,0.42,-0.05,4.21,-0.0971,0.0553,0.5826,0.1773,-0.2000,,0.1921,-12.27,0.67
LOCALIZA,RENT3,Indústria,50670786383,28.16,2.07,1.67,0.0731,0.0919,0.0449,0.2664,0.3292,0.1234,0.3230,2.40,1.20
PETRORECSA,RECV3,Energia,3985351471.08,3.36,0.95,4.18,0.2755,0.0941,0.3883,0.3235,0.4758,,,0.99,3.48
REAGINVEST,REAG3,"Software de Aplicativo",156500904.66,-0.28,0.75,-2.74,-1.5535,-0.1050,-5.9329,0.8875,-0.4048,,,0.69,2.36
"REDE D OR",RDOR3,Saúde,86329223568.9,19.03,4.61,2.05,0.1953,0.1188,0.0841,0.2185,0.2092,0.6138,0.3177,0.49,2.79
"REDE ENERGIA",REDE3,Utilities,16179686705.7,13.30,2.59,0.47,0.2550,0.1406,0.0621,0.2596,0.2591,0.0575,0.1141,3.23,1.56
RENOVA,RNEW3,Utilities,405447494.26,-2.41,0.33,-0.43,-0.1445,-0.0173,-0.3150,-0.0720,0.1907,-0.2898,0.4884,6.77,0.84
RNI,RDNI3,"Construção Baixa renda",93229691.04,-0.47,1.25,-4.55,-1.2139,-0.1213,-0.5699,0.1049,-0.2222,-0.0963,0.0198,-6.07,1.39
IRANI,RANI3,Materiais,2171321482.98,9.30,1.55,1.05,0.1693,0.1120,0.1435,0.4153,0.3913,0.2115,0.1037,1.62,2.77
RAIADROGASIL,RADL3,"Consumo Básico",40830159115.2,31.79,5.63,0.74,0.1888,0.2328,0.0293,0.2930,0.1059,0.2177,0.1714,0.71,1.46
RAIZEN,RAIZ4,Energia,693057819,-0.03,-0.43,-16.38,-1.9320,0.0114,-0.0958,0.0396,0.0453,,,5.83,1.69
"RANDON PART",RAPT3,Indústria,1767089996.5,-7.62,0.59,-0.72,-0.0791,0.0524,-0.0191,0.2509,0.1232,-0.1542,0.1967,3.42,2.16
"RUMO S.A.",RAIL3,Indústria,29239374145.41,35.66,2.18,0.46,0.0609,-0.0418,0.0612,0.4539,0.6330,0.2331,0.1473,1.84,1.57
PORTOBELLO,PTBL3,Materiais,432829740.02,-1.43,15.76,-2.07,-1.4857,0.0780,-0.1119,0.3576,0.1203,-0.4200,0.1437,3.51,0.86
PETTENATI,PTNT3,"Consumo Discricionário",424411429.4,14.18,1.01,0.65,0.0721,-0.1391,0.0376,0.1462,0.0637,0.1039,0.0810,2.39,4.13
"PORTO SEGURO",PSSA3,Financeiro,31508138703.8,9.66,2.07,5.23,0.2292,1.6969,0.0827,1.0000,0.8329,0.1490,0.1703,-0.37,1.25
"POSITIVO TEC",POSI3,"Tecnologia da Informação",570036000,67.30,0.37,0.06,0.0054,0.0594,0.0026,0.2513,0.0879,-0.4616,0.0888,2.22,1.69
PRINER,PRNR3,Indústria,1055573287.77,-93.65,2.29,-0.21,-0.0285,0.0347,-0.0076,0.1985,0.1181,-0.1090,0.4521,2.64,1.48
PETRORIO,PRIO3,Energia,61790114525.66,25.66,2.03,2.58,0.3842,0.0515,0.1445,0.1999,0.5234,0.3782,0.5226,3.07,1.82
QUALICORP,QUAL3,Financeiro,545307504,56.46,0.47,0.04,0.0082,0.0626,0.0074,0.8694,0.6212,-0.5142,-0.0651,0.97,0.91
PINE,PINE3,Financeiro,3167401700.99,7.30,2.24,1.66,0.3486,,0.0901,0.2885,,0.6372,0.3627,,
DIMED,PNVL3,"Consumo Básico",2145886653.87,17.38,1.69,0.83,0.0992,0.0783,0.0226,0.3237,0.0850,0.1728,0.1435,2.29,1.74
MARCOPOLO,POMO3,"Consumo Discricionário",7348520657.08,5.94,1.89,0.98,0.3002,0.1513,0.1351,0.2555,0.1745,0.6376,0.2033,0.93,1.89
PARANAPANEMA,PMAM3,Materiais,637740747.37,-0.45,-0.08,-1.11,0.1927,0.2127,-2.3674,-0.4146,-0.4355,0.4388,-0.3340,-23.10,0.03
PLANOEPLANO,PLPL3,Imobiliário,2656830030,7.51,2.66,1.78,0.3887,0.3940,0.1103,0.3109,0.2779,0.1960,0.2609,-0.02,2.38
"PLASCAR PART",PLAS3,"Consumo Discricionário",49577417.82,-0.88,-0.07,0.00,0.0000,0.0780,0.0000,0.1271,0.0324,-0.5697,0.2556,6.41,0.27
"WILSON SONS",PORT3,"Logística Portuária",8304973125,,,,0.2455,0.1253,0.2121,0.4859,0.4037,,,1.72,0.97
PETROBRAS,PETR4,Energia,673224797178.99,5.70,1.51,8.54,0.2696,0.1945,0.2213,0.4763,0.5660,0.7299,0.1283,1.18,0.71
"PAGUE MENOS",PGMN3,"Consumo Básico",4430257020.72,17.27,1.39,0.38,0.0910,0.1992,0.0175,0.3195,0.0923,0.2213,0.1680,1.12,1.59
PETZ,PETZ3,Pet,1957947209.4,49.46,1.16,0.09,0.0237,0.0828,0.0112,0.4700,0.1605,-0.0727,0.2008,-0.27,1.45
PROFARMA,PFRM3,"Consumo Básico",910023881.55,8.61,0.76,0.96,0.0884,-10.6355,0.0104,0.1529,0.0508,0.1784,0.1587,1.10,1.29
P.ACUCAR-CBD,PCAR3,"Consumo Básico",1173004739.18,-1.32,0.52,-1.68,-0.3260,0.0972,-0.0431,0.2756,0.1430,0.4303,-0.1790,0.76,0.83
"PAR AL BAHIA",PEAB3,Imobiliário,,20.99,0.78,1.86,0.0372,-0.0240,0.2875,0.4073,-0.0616,-0.4083,-0.0876,0.73,3.34
PADTEC,PDTC3,"Tecnologia da Informação",126356705.34,16439.63,847.84,0.00,0.0001,-0.0049,0.0239,0.3584,99.2378,-0.7904,-0.7199,0.01,2.96
PANATLANTICA,PATI3,Materiais,837120272,10.48,1.13,3.34,0.1037,0.0411,0.0414,0.1095,0.0485,-0.1523,0.0607,-0.33,2.08
"PDG REALT",PDGR3,Imobiliário,7002345.18,-0.02,0.00,-99.62,0.0976,0.0097,-2.6143,0.4281,-0.3033,-0.4214,-0.0966,-9.24,0.27
COMPASS,PASS5,Utilities,,0.00,0.00,1.80,0.2376,0.0876,0.0773,0.2428,0.2529,0.0663,0.1280,2.94,1.50
ORIZON,ORVR3,Indústria,6313612887.28,114.07,4.76,0.63,0.0477,0.0461,0.0573,0.4620,0.4555,0.3301,0.2213,2.66,2.36
"OSX BRASIL",OSXB3,Imobiliário,5288703.84,-0.01,0.00,-275.33,0.0954,0.0039,-10.4861,1.0000,0.2607,-0.7821,0.5330,355.82,0.04
ODERICH,ODER4,"Consumo Básico",,14.94,1.92,6.69,0.1326,0.0572,0.0912,0.2881,0.1127,-0.0866,0.0750,2.92,3.30
"NORDON MET",NORD3,Indústria,15229417.8,-1.09,-0.07,-1.85,0.0872,0.0488,-4.5640,0.9284,-1.8926,1.5790,0.1115,-5.89,0.00
NUTRIPLANT,NUTR3,Materiais,28872792,20.81,0.59,0.11,0.0319,-0.0766,0.0066,0.1383,0.0018,-0.1604,0.2351,48.47,1.59
OCEANPACT,OPCT3,Indústria,1763643266.28,17.19,1.79,0.53,0.1097,0.1498,0.0494,0.2688,0.3030,,0.2713,2.12,2.59
ODONTOPREV,ODPV3,Financeiro,7248559798.08,12.58,5.72,1.07,0.4457,0.4023,0.2407,0.3620,0.3357,0.1004,0.0651,-0.36,0.80
OI,OIBR4,"Serviços de Comunicação",64789356.54,-0.22,-0.03,-5.58,0.1203,0.6269,-8.0894,-8.3011,-8.3786,0.7512,-0.4992,-5.26,0.59
ONCOCLINICAS,ONCO3,Saúde,1846675075.22,-0.62,2.11,-2.12,-1.1290,0.0550,-0.4738,0.3046,0.1239,,,5.97,1.12
"OUROFINO S/A",OFSA3,Saúde,1510572168,6.68,1.86,4.12,0.3173,0.2147,0.1815,0.5168,0.2323,0.1990,0.1090,0.84,3.55
IOCHP-MAXION,MYPK3,"Consumo Discricionário",1358881272.84,14.28,0.33,0.64,0.0230,0.0514,0.0064,0.1204,0.0974,-0.0449,0.1189,2.69,1.78
METISA,MTSA3,Indústria,607325808,16.42,1.46,4.63,0.0874,0.0461,0.0764,0.2253,0.0925,-0.0659,0.0769,-3.06,4.91
MULTIPLAN,MULT3,Imobiliário,15600176510.4,14.31,2.59,2.22,0.1904,0.1485,0.4166,0.8178,0.7654,0.0343,0.2042,2.23,1.25
NATURA,NATU3,"Consumo Básico",12700912750.68,-4.42,1.11,-2.36,-0.2912,0.2174,-0.1489,0.6661,0.1668,0.2183,0.0353,0.96,1.65
NEOENERGIA,NEOE3,Utilities,40419448358.4,7.97,0.98,3.56,0.1199,0.1012,0.0848,0.2670,0.2734,0.1429,0.1263,3.22,1.17
NEOGRID,NGRD3,"Tecnologia da Informação",266915564.8,18.86,0.61,0.00,0.0000,-0.0348,0.0000,0.5914,0.0539,,0.0496,-7.87,3.30
NEXPE,NEXP3,Imobiliário,7515260.27,0.07,-0.07,40.31,-1.4709,0.2239,162.4552,0.9863,-19.7405,,-0.6346,0.01,0.03
"WETZEL S/A",MWET3,"Consumo Discricionário",44247064.5,-0.94,4.98,-16.98,-3.0204,-0.0478,-0.1769,0.1423,-0.0081,0.2599,0.0620,-67.49,0.76
"MELHOR SP",MSPA3,Materiais,,-9.21,0.37,-5.11,-0.0398,-0.0119,-0.1847,0.3494,0.0500,0.1094,0.1198,20.17,1.10
"MITRE REALTY",MTRE3,Imobiliário,388193589.4,7.42,0.40,0.51,0.0540,0.0371,0.0510,0.2577,0.1071,0.0216,0.2073,4.14,2.68
"MOTIVA SA",MOTV3,Indústria,30825200000,9.74,2.02,1.62,0.2178,0.1055,0.1740,0.4744,0.4626,0.7658,0.1377,3.36,1.54
MOVIDA,MOVI3,Indústria,4902317490.79,16.31,1.75,0.79,0.1156,0.1485,0.0217,0.3246,0.4049,0.2390,0.2914,2.99,0.56
"MRS LOGIST",MRSA3B,Indústria,15855839705.65,10.36,1.86,4.60,0.1867,0.1221,0.2050,0.4683,0.5295,0.2930,0.1604,1.32,1.54
MRV,MRVE3,Imobiliário,4311322005.86,-4.25,0.83,-1.85,-0.1917,0.0824,-0.0956,0.2934,0.1707,-0.0666,0.1041,4.48,2.03
MULTILASER,MLAS3,"Consumo Discricionário",1066700992.5,8.68,0.36,0.15,0.0409,-0.0004,0.0311,0.2474,0.0139,,,-3.06,1.92
"MAGAZ LUIZA",MGLU3,"Consumo Discricionário",6277395130.9,33.26,0.60,0.26,0.0182,-2.6057,0.0053,0.2985,0.0720,-0.1218,0.0581,1.04,1.15
MILLS,MILS3,Indústria,3121595499.31,10.77,2.06,1.28,0.1919,0.1307,0.1637,0.6274,0.4972,0.4541,0.2941,1.40,2.20
MINASMAQUINA,MMAQ3,"Consumo Discricionário",,2.28,0.36,1118.89,0.1491,-0.0285,0.0328,0.0876,-0.0042,0.1547,0.1679,-6.93,1.50
MINUPAR,MNPR3,"Consumo Básico",283293990,0.58,1.57,7.19,7.2411,0.8338,1.1702,0.2728,0.1861,0.9854,0.1093,-1.52,2.83
"MONT ARANHA",MOAR3,"Holdings Multissetoriais",,23.51,0.81,2.60,0.0306,-0.0292,2379.2391,1.0000,-749.4130,-0.0622,-0.6035,17.34,3.60
MUNDIAL,MNDL3,"Consumo Básico",,-8.22,1.34,-2.21,-0.1509,0.0870,-0.0216,0.3824,0.1211,-0.0783,0.1465,4.35,0.77
"MATER DEI",MATD3,Saúde,1801163655,17.29,1.31,0.33,0.0758,0.0866,0.0508,0.2995,0.2232,,,1.60,3.04
"IMC S/A",MEAL3,"Consumo Discricionário",286676540,-1.79,0.31,-0.52,-0.1616,-0.0167,-0.0807,0.3326,0.0712,1.1375,0.0987,2.27,1.01
M.DIASBRANCO,MDIA3,"Consumo Básico",7447830000,11.82,0.95,1.95,0.0809,0.0783,0.0632,0.3216,0.1197,-0.0289,0.0755,-0.39,2.61
"MANGELS INDL",MGEL3,"Consumo Discricionário",74311326.21,3.01,3.08,8.30,1.7779,0.2974,0.0452,0.1272,0.1024,1.4637,0.1425,4.56,0.46
MARFRIG,MBRF3,"Consumo Básico",30603828637.64,84.69,2.68,0.26,0.0492,-0.0788,0.0022,0.1225,0.0784,-0.3587,0.1940,3.84,1.08
MELNICK,MELK3,Imobiliário,691002292.35,6.33,0.67,0.54,0.1039,0.0582,0.1003,0.2438,0.1120,0.2139,0.1395,3.39,2.60
"MERC FINANC",MERC3,Financeiro,,,,,0.0533,,0.2706,0.9843,,,0.1519,,
"MOURA DUBEUX",MDNE3,Imobiliário,3154569706.38,7.99,2.21,4.03,0.2536,0.1812,0.1784,0.3491,0.2132,0.2055,0.3564,0.65,2.18
CEMEPE,MAPT3,Financeiro,3160747.8,-26.76,-0.42,-0.11,0.0159,0.0129,,,,0.1041,0.0000,0.00,0.00
"LOG COM PROP",LOGG3,Imobiliário,2340567862.56,6.85,0.67,4.04,0.0955,0.0255,1.4255,0.9718,0.7480,0.2043,0.1194,11.93,1.03
LOG-IN,LOGN3,Indústria,3433807552,36.86,3.17,0.87,0.0889,0.0379,0.0304,0.1694,0.2007,0.4852,0.2230,2.25,1.42
QUERO-QUERO,LJQQ3,"Consumo Discricionário",397281144.96,-2.56,1.02,-0.78,-0.3448,0.0138,-0.0581,0.3243,0.0537,-0.5968,0.1146,-0.12,1.61
"LOJAS RENNER",LREN3,"Consumo Discricionário",14991923464.55,10.33,1.44,1.45,0.1416,0.2916,0.0921,0.6171,0.3105,0.0580,0.1600,-0.31,1.69
"LOPES BRASIL",LPSB3,Imobiliário,237562955.91,5.51,1.03,0.30,0.1820,0.1396,0.2176,0.7704,0.3072,0.3187,0.0402,-1.15,1.50
LUPATECH,LUPA3,Energia,39747206.52,-3.66,0.33,-0.22,-0.0851,-0.2023,-0.1480,0.1684,-0.3679,-0.1718,0.0889,-6.76,0.82
LWSA,LWSA3,"Tecnologia da Informação",2075248927.5,-6.33,0.88,0.00,0.0000,0.0377,0.0000,0.4831,0.2010,0.1357,0.2498,-1.30,1.26
TREVISA,LUXM4,Indústria,278662560,4.57,1.00,0.90,0.2271,0.1063,0.2355,0.3073,0.2916,0.3530,0.0861,-0.21,1.79
JSL,JSLG3,Indústria,1874873784.69,26.68,1.65,0.29,0.0483,0.1044,0.0085,0.1579,0.1883,-0.1467,0.1676,3.56,1.33
"KEPLER WEBER",KEPL3,Indústria,1473705066,5.95,1.91,1.38,0.3334,0.1215,0.1663,0.2430,0.1323,0.2965,0.1729,0.08,1.96
"KLABIN S/A",KLBN11,Materiais,23927992000.19,15.04,3.09,0.26,0.1754,0.0630,0.0783,0.3539,0.4483,0.2206,0.1161,2.78,2.06
LAVVI,LAVV3,Imobiliário,2661815874.24,6.73,1.86,2.12,0.2717,0.1266,0.2351,0.3493,0.2259,0.3466,0.3741,1.01,4.46
"LIGHT S/A",LIGT3,Utilities,1717480043.64,8.44,0.33,0.57,0.0382,0.0815,0.0142,0.1675,0.1699,-0.2099,0.0278,3.13,0.82
"METAL LEVE",LEVE3,"Consumo Discricionário",4636789190,7.79,5.50,4.49,0.7237,0.3274,0.1126,0.2725,0.1929,0.3735,0.1761,0.96,1.27
TERRASANTAPA,LAND3,Imobiliário,799646054.22,177.04,1.28,0.05,0.0068,0.0241,0.0491,0.9557,0.6976,,,0.85,0.82
"ITAU UNIBANCO",ITUB4,Financeiro,452906598205.42,10.46,2.23,3.97,0.1989,,0.1160,0.3589,,0.1763,0.2049,,
ITAUSA,ITSA4,Financeiro,148616414884.46,9.51,1.77,1.47,0.1849,0.0026,1.9987,0.2437,0.1850,0.1850,0.0701,3.19,3.18
JALLESMACHAD,JALL3,Utilities,1071502779.92,10.58,0.53,0.34,0.0508,-0.0230,0.0443,0.0711,0.4649,0.0039,0.1910,3.05,3.39
"JHSF PART",JHSF3,Imobiliário,5832439601.24,3.35,0.94,2.77,0.3058,0.1226,0.5443,0.6344,0.4868,0.2409,0.2434,0.32,1.76
"JOAO FORTES",JFEN3,Imobiliário,9730086.2,-0.04,-0.03,-17.44,1.7628,-0.8670,-1.2757,-0.3368,-0.5158,,0.4327,-3.82,1.02
JOSAPAR,JOPA4,"Consumo Discricionário",233074678,21.39,0.42,1.12,0.0196,0.0600,0.0066,0.2444,0.0560,-0.1790,0.0287,4.00,2.95
HYPERA,HYPE3,Saúde,15593800656.85,13.71,1.31,1.70,0.0986,0.0893,0.1553,0.5904,0.2685,-0.0159,0.1349,3.71,1.47
"IGUATEMI S.A",IGTI3,Imobiliário,7585656806.4,6.69,0.84,0.48,0.1279,0.0927,0.3917,0.7503,0.7115,0.5008,0.1705,2.09,2.49
INEPAR,INEP4,Indústria,67016881.16,-0.16,-0.05,-9.05,0.2810,0.1387,-82.4699,-0.2690,-16.3403,-1.0274,-0.0593,-9.30,0.14
INFRACOMM,IFCM3,"Tecnologia da Informação",109701576.8,-0.54,0.31,-1.86,7.6873,-2.6255,-0.2631,0.3025,-1.5615,,,-0.26,1.91
INTELBRAS,INTB3,"Tecnologia da Informação",4521033318,9.94,1.60,1.47,0.1588,0.1221,0.1082,0.3010,0.1340,0.0804,0.1588,-0.33,2.42
"IRBBRASIL RE",IRBR3,Financeiro,4336854529.14,11.43,0.85,4.78,0.0748,,0.0750,0.1110,,-0.0425,-0.0928,,1.46
"ISA ENERGIA",ISAE4,Utilities,20038497460.56,7.83,0.91,3.72,0.1179,0.1080,0.2601,0.3935,0.3854,-0.0615,0.2055,3.82,3.76
HABITASUL,HBTS5,Imobiliário,214655326.47,3.45,0.51,10.41,0.1458,-0.1498,1.4160,0.3816,-1.0211,1.3043,-0.0800,-2.56,0.62
"HAGA S/A",HAGA3,Indústria,21697667.03,30.24,-0.63,0.00,0.0000,0.0775,0.0000,0.2311,-0.0373,-0.2677,-0.0092,27.63,2.60
HAPVIDA,HAPV3,Financeiro,4870493265.96,-25.39,0.11,-0.40,-0.0041,0.0223,-0.0110,0.2052,0.1160,-0.1865,0.1623,2.38,1.90
"HBR REALTY",HBRE3,Imobiliário,286865367.18,11.07,0.17,0.27,0.0140,0.0647,0.0516,0.3926,0.6603,,0.4710,4.38,1.78
HELBOR,HBOR3,Imobiliário,303841933.44,28.29,0.22,0.08,0.0077,0.0226,0.0100,0.3102,0.1300,-0.1574,0.0299,11.01,2.25
HERCULES,HETA3,"Consumo Discricionário",,51.92,-0.14,1.85,-0.0027,-0.1202,0.1997,1.0000,0.9030,0.2148,0.2464,76.12,0.61
HIDROVIAS,HBSA3,Indústria,5373511439.85,-39.39,2.57,-0.10,-0.0743,0.0913,-0.0629,0.4052,0.4374,-0.1079,0.0892,2.67,2.97
"HOTEIS OTHON",HOOT4,"Consumo Discricionário",50524761.6,1.98,-3.98,3.26,-1.6730,-0.5160,0.3103,0.6573,0.3346,,0.3980,-0.70,0.85
CELGPAR,GPAR3,Utilities,,-37.90,1.51,-0.37,-0.0379,-0.0143,-0.8425,0.5351,-0.4240,-0.1759,-0.2717,16.59,30.03
GENERALSHOPP,GSHP3,Imobiliário,5689868.55,0.26,0.00,11.49,-0.0159,0.3022,0.1166,0.6757,0.3528,-0.1073,0.1569,32.02,0.59
GERDAU,GGBR4,Materiais,35145971199.34,27.30,0.71,0.69,0.0253,0.0680,0.0199,0.1141,0.1364,-0.1013,0.0978,0.82,2.89
GOL,GOLL54,Indústria,9449313907.8293,-68484.87,-5256.20,0.00,0.0685,-0.8346,-0.0590,0.2724,0.2186,0.1492,0.2824,2.62,0.62
GPS,GGPS3,Indústria,12120366345.57,18.37,3.17,0.91,0.1794,0.1039,0.0396,0.1463,0.1007,,,1.34,2.98
GRENDENE,GRND3,"Consumo Discricionário",4177000800,6.63,1.36,0.71,0.1701,0.0619,0.2495,0.4524,0.1348,0.0974,0.0638,-2.84,2.05
"GRUPO MATEUS",GMAT3,"Consumo Básico",10435727333.04,3.24,1.04,1.45,0.3275,0.2395,0.0870,0.2240,0.0703,0.3571,0.2551,0.39,1.75
GUARARAPES,GUAR3,Vestuário,5130597521.88,11.25,0.87,0.00,0.0000,0.0938,0.0000,0.6081,0.1724,0.5753,0.1094,0.08,1.56
"GERDAU MET",GOAU4,Materiais,10708217257.92,23.75,0.59,0.36,0.0246,0.0678,0.0068,0.1141,0.1362,-0.1140,0.0978,0.82,2.90
FLEURY,FLRY3,Saúde,8426741800.4,14.22,1.74,1.12,0.1167,0.0929,0.0739,0.2661,0.2589,0.1899,0.2278,1.45,1.97
FRAS-LE,FRAS3,"Consumo Discricionário",5971137438.3,22.95,2.58,0.99,0.1206,0.1330,0.0504,0.3271,0.1838,0.0801,0.2687,1.41,2.41
GAFISA,GFSA3,Imobiliário,41186752.32,-0.08,0.03,-22.21,-0.2895,-0.0728,-0.8787,-0.3212,-0.4573,0.6763,-0.0686,-4.92,1.25
"INVEST BEMGE",FIGE3,Financeiro,,5.11,0.42,6.46,0.0846,0.0082,0.6230,1.0000,0.8689,0.3504,0.4032,,28.23
METALFRIO,FRIO3,"Consumo Discricionário",,28.87,2.81,5.90,0.1052,0.2061,0.0157,0.1762,0.0886,0.1652,0.1070,2.81,1.15
"GER PARANAP",GEPA4,Utilities,3305164905,13.93,1.13,11.47,0.4827,0.1231,0.7719,0.3674,0.5401,0.3056,-0.0279,1.05,0.21
UNIFIQUE,FIQE3,"Serviços de Comunicação",2661907928.82,13.38,2.50,0.52,0.1715,0.1275,0.1763,0.5168,0.4925,,,0.48,1.10
FERBASA,FESA4,Materiais,3179752250,15.39,0.88,0.53,0.0562,0.0543,0.0807,0.1761,0.1898,0.2197,0.0755,-1.41,3.06
EUCATEX,EUCA3,Materiais,1912703020.8,8.51,0.69,2.41,0.0815,0.1041,0.0719,0.3719,0.2722,0.1757,0.1155,0.68,2.32
EVEN,EVEN3,Imobiliário,1386000000,6.13,0.77,1.19,0.1244,0.0654,0.1238,0.2711,0.1391,0.7452,0.0282,1.92,4.79
EZTEC,EZTC3,Imobiliário,3759780000,7.34,0.78,1.90,0.1066,0.0475,0.3570,0.4171,0.2443,0.0571,0.0986,0.40,8.33
"FER HERINGER",FHER3,Materiais,226739165.64,-1.28,0.54,1.67,0.2156,1.0359,0.0127,0.0015,-0.0469,0.0000,-0.1037,0.17,0.73
FICA,FIEI3,Imobiliário,,-1.72,0.42,-4.64,-0.1413,-0.0579,-3.8478,0.3366,-1.5710,-0.0408,-0.3763,-2.05,0.50
FICTORALIMEN,FICT3,"Consumo Básico",19299370.2,-0.73,0.31,0.81,0.5861,0.0613,0.6227,0.0203,-0.0568,0.4510,0.0267,24.02,3.17
"EQTL PARA",EQPA5,Utilities,15423656403.72,0.91,3.39,8.71,3.7900,1.5430,1.5745,1.7237,1.7252,0.9301,0.1578,0.26,1.89
EQUATORIAL,EQTL3,Utilities,49210915406.76,30.59,1.99,1.33,0.0615,0.0856,0.0322,0.2613,0.2427,-0.1082,0.2382,3.48,1.49
ETERNIT,ETER3,Materiais,249577363,5.01,0.29,0.79,0.0592,0.0254,0.0426,0.2060,0.0661,-0.2096,0.1097,1.47,1.60
ESTRELA,ESTR4,"Consumo Discricionário",,0.17,-0.16,23.80,-0.4013,0.0373,1.2303,0.3718,-0.0762,,0.0807,-11.70,0.33
ESPACOLASER,ESPA3,"Consumo Discricionário",401179603.26,26.05,0.48,0.04,0.0181,0.0849,0.0143,0.3410,0.2461,-0.2407,0.1593,2.26,1.69
"EMBPAR S/A",EPAR3,Materiais,45324732.4,-15.72,1.14,-0.19,-0.0648,-0.1133,-1.1982,0.9875,-1.6696,-0.0989,-0.6498,0.98,2.83
"ENERGISA MT",ENMT3,Utilities,10943886947.84,12.56,2.78,3.98,0.2168,0.1507,0.0970,0.2579,0.2515,0.0515,0.1200,3.42,1.91
ENERGISA,ENGI4,Utilities,26381095304.16,11.24,1.30,0.88,0.1199,0.1174,0.0625,0.2539,0.2608,0.0856,0.1176,3.69,1.56
ENEVA,ENEV3,Utilities,46313040162.78,41.06,2.40,0.60,0.0591,0.0598,0.0629,0.2935,0.3392,0.0281,0.4153,2.71,1.13
ENJOEI,ENJU3,"Consumo Discricionário",219369249.3,-6.75,0.75,-0.17,-0.1108,-0.0838,-0.1289,0.5571,0.0383,,0.2709,-22.57,2.47
EQTLMARANHAO,EQMA3B,Utilities,4999273919.61,6.77,1.15,4.58,0.1747,0.1519,0.1077,0.2992,0.2725,0.0143,0.1118,1.85,1.39
ELETROBRAS,ELET5,"Energia - Diversos",118061277445.2,-331.86,1.59,-0.19,-0.0049,0.2145,-0.0138,0.4287,0.2493,-0.1832,0.0679,4.54,1.68
ECORODOVIAS,ECOR3,Indústria,5570673792,6.63,1.43,1.27,0.2262,0.0661,0.0769,0.3876,0.4713,0.2640,0.2356,3.97,1.52
ELEKTRO,EKTR4,Utilities,8506175051.2,8.20,3.69,4.98,0.4437,0.1758,0.1008,0.2789,0.2835,0.1423,0.0770,2.51,1.12
EMAE,EMAE3,Utilities,3151074750,17.51,3.57,8.57,0.2421,0.0763,0.5101,0.5157,0.2275,0.2307,0.0716,-3.51,7.69
EMBRAER,EMBR3,"Aeroespacial e Defesa",65079472717.16,29.18,3.01,2.64,,,,,,,,,
"ENGIE BRASIL",EGIE3,Utilities,36028105287.44,14.52,2.94,2.26,0.2089,0.1053,0.2008,0.4671,0.5349,-0.0158,0.0096,3.68,1.12
D1000VFARMA,DMVF3,"Consumo Básico",326894359.32,16.01,0.39,0.45,0.0249,0.0630,0.0085,0.2858,0.0779,1.8360,0.2236,0.12,1.08
DEXCO,DXCO3,Materiais,4209176617.68,3662.14,0.63,0.00,0.0002,-0.0226,0.0001,0.2436,0.2101,-0.6958,0.0701,2.92,2.24
DOHLER,DOHL3,"Consumo Discricionário",433153903.35,48.08,2.05,1.51,0.1629,-0.0436,0.1467,0.1947,-0.0161,0.2807,0.0361,-4.24,5.09
"DOTZ SA",DOTZ3,Financeiro,39299835.1,-97.43,-0.19,-0.04,0.0019,-0.4601,-0.0020,0.7318,0.2815,,,1.12,0.35
DTCOM-DIRECT,DTCY3,"Consumo Discricionário",,-96.98,30.90,-0.03,-0.3031,-0.2171,-0.0381,0.2975,0.1652,0.0358,-0.1366,-3.37,1.53
"ACO ALTONA",EALT3,Indústria,312750000,-103875.00,0.88,0.00,0.0000,0.0676,0.0000,0.2022,0.0914,0.3822,0.1719,1.52,1.43
"CAIXA SEGURIDADE",CXSE3,Financeiro,52260000000,12.83,4.06,1.43,0.3154,-0.0098,,,,0.1939,,6.84,1.70
"CURY S/A",CURY3,Imobiliário,10452054864.42,11.17,7.89,3.17,0.7460,0.4305,0.1807,0.3976,0.2680,0.4341,0.3637,-0.22,1.84
"CVC BRASIL",CVCB3,"Consumo Discricionário",1040670372.06,-25.42,2.17,-0.08,-0.0831,0.1604,-0.0275,0.9713,0.2761,-0.2035,0.1896,0.23,0.78
"CYRELA REALT",CYRE3,Imobiliário,11667920000,6.22,1.22,4.39,0.2017,0.0829,0.2130,0.3258,0.1829,0.0266,0.1977,2.75,3.84
DESKTOP,DESK3,"Serviços de Comunicação",2085400231.2,29.49,1.49,0.62,0.0514,0.0795,0.0587,0.6172,0.4933,,,1.91,1.41
"DEXXOS PAR",DEXP4,Financeiro,862375677.67,3.31,0.88,2.15,0.2609,0.0691,0.1238,0.1583,0.0775,0.1729,0.1652,-0.62,3.65
DASA,DASA3,Saúde,3488919593.44,-3.18,0.53,-0.92,-0.1530,0.0506,-0.1031,0.3038,0.1912,0.0868,0.0967,2.33,1.24
DIRECIONAL,DIRR3,Imobiliário,6750885000,8.77,3.61,1.52,0.3611,0.1975,0.1818,0.3966,0.2626,0.4750,0.2368,0.58,3.78
SANTANENSE,CTSA4,"Consumo Discricionário",13582231.45,-0.09,0.13,-19.47,-0.1830,-0.1412,-3.8106,-1.4389,-0.4419,-0.2088,-0.4011,-3.70,0.28
CONTAX,CTAX3,Indústria,20032767,-0.07,0.22,-10.48,-2.4891,0.0134,-0.6462,0.1615,0.0305,-0.4712,-0.1251,10.53,0.38
"CSU DIGITAL",CSUD3,Financeiro,736516000,7.02,1.60,2.54,0.2162,0.1830,0.1701,0.4135,0.2748,0.1778,0.0642,0.28,1.48
KARSTEN,CTKA4,"Consumo Discricionário",284821493.09,3.96,3.68,11.37,1.5334,0.1533,0.0929,0.4533,0.1395,-0.0261,0.1483,3.24,1.98
COPEL,CPLE6,"Energia - Diversos",17385643401,15.82,1.84,0.90,0.1065,0.0843,0.1029,0.2168,0.2348,-0.0719,0.0679,2.75,0.98
COPASA,CSMG3,Utilities,20784632751.54,15.50,2.56,3.72,0.1670,0.1181,0.1700,0.4241,0.3787,0.1164,0.0929,2.14,1.38
"SID NACIONAL",CSNA3,Materiais,8195260592.46,-4.19,0.65,-1.51,-0.1483,0.0585,-0.0447,0.2767,0.2351,-0.6515,0.0830,3.59,1.08
COSAN,CSAN3,Energia,20269177462.52,-2.20,3.58,-2.45,0.0456,0.0652,-0.2405,0.3260,0.3139,-0.0545,0.2451,3.98,1.80
"CRUZEIRO EDU",CSED3,"Consumo Discricionário",2008629461.52,6.57,1.23,0.81,0.1871,0.2250,0.1047,0.5094,0.2979,-0.0834,0.0951,0.66,1.53
CRISTAL,CRPG3,Materiais,540389898.19,-8.54,116.36,0.38,0.0258,-0.1218,0.0246,-0.0175,-0.0455,0.0000,0.1203,5.22,2.07
CELESC,CLSC4,Utilities,5380483204.06,7.64,1.40,18.91,0.1863,0.1040,0.0613,0.1674,0.1288,0.0706,0.0608,2.99,1.30
CEMIG,CMIG4,Utilities,39370541163.7,7.37,1.26,1.71,0.1723,0.1218,0.1146,0.1693,0.1820,0.1133,0.1113,2.16,1.00
COELCE,COCE5,Utilities,3054111756.25,6.86,0.49,4.57,0.0747,0.1147,0.0430,0.1938,0.2260,0.0824,0.0935,2.74,0.55
"COGNA ON",COGN3,"Consumo Discricionário",6275371166.24,10.43,0.48,0.30,0.0488,0.2202,0.0891,0.6879,0.4358,0.3019,0.0651,1.76,1.66
"CPFL ENERGIA",CPFE3,Utilities,53983120514,10.24,2.50,4.76,0.2468,0.1557,0.1236,0.3183,0.3040,0.0852,0.0750,1.94,0.93
CSNMINERACAO,CMIN3,Materiais,26603893349.75,,,0.30,0.1820,0.2719,0.0915,0.4535,0.3581,-0.1636,0.0550,0.05,1.20
CEG,CEGR3,Utilities,14280075260,23.21,6.98,2.37,0.3276,0.2665,0.1280,0.3315,0.2625,0.1181,0.0858,0.42,0.70
COELBA,CEEB3,Utilities,11784288201.76,4.79,1.60,8.13,0.2778,0.1772,0.1218,0.3033,0.3094,0.1800,0.1179,2.78,1.19
CEEE-D,CEED4,Utilities,669890347.64,-1.94,-0.32,-10.32,0.1796,0.1981,-0.1130,0.1649,0.1325,,0.1216,8.11,1.53
COMGAS,CGAS3,Utilities,16934477709.7,10.80,11.58,11.67,0.9368,0.2160,0.1334,0.3020,0.3224,0.0609,0.0686,2.22,1.53
GRAZZIOTIN,CGRA3,"Consumo Discricionário",626074309.7,4.54,0.71,5.70,0.1464,0.0948,0.1834,0.5365,0.1805,0.1395,0.1063,-1.09,2.26
"AMPLA ENERG",CBEE3,Utilities,,-499.18,0.46,,-0.0010,0.0814,-0.0009,0.1769,0.2235,0.3963,0.0942,1.86,0.68
"CEA MODAS",CEAB3,"Consumo Discricionário",3698940816,6.35,1.01,1.90,0.1682,0.1291,0.0735,0.5552,0.2114,0.1848,0.1434,-0.05,1.46
CEB,CEBR6,Utilities,2216989965,12.47,2.53,2.57,0.1810,0.0886,0.3636,0.4376,0.2965,-0.1557,-0.1863,-2.81,6.68
CEDRO,CEDO3,"Consumo Discricionário",88411694.4,-3.01,0.35,-3.27,-0.1104,0.1156,-0.0372,0.2519,0.1533,0.0427,0.0726,2.89,1.09
CBA,CBAV3,Materiais,6732091686.98,56.48,1.59,0.19,0.0277,0.0124,0.0138,0.0844,0.1123,,,3.21,1.83
CAMBUCI,CAMB3,"Consumo Discricionário",409645525.2,5.96,1.34,1.62,0.2241,0.1871,0.1785,0.4889,0.2007,0.2547,0.1961,-0.85,3.81
CAMIL,CAML3,"Consumo Básico",1984500000,12.97,0.62,0.47,0.0472,0.0183,0.0141,0.2137,0.0690,-0.1867,0.1025,4.67,1.77
CASAN,CASN3,Utilities,12215113880.9,32.26,4.80,0.32,0.1535,0.0921,0.1785,0.5183,0.3971,0.2803,0.1365,2.65,1.20
"CONST A LIND",CALI3,Imobiliário,,4.28,0.62,3.81,0.1500,0.0737,0.0727,0.2716,0.1110,0.6876,0.6484,3.57,3.78
MELIUZ,CASH3,"Serviços de Comunicação",401952644.35,-669.15,0.81,-0.01,-0.0013,-0.0187,-0.0013,0.0424,0.0808,0.2599,0.2970,-2.40,2.05
BANRISUL,BRSR6,Financeiro,7749523392.8,4.12,0.62,4.19,0.1560,,0.0791,0.2923,,,0.2139,,
BRASKEM,BRKM5,Materiais,6821779170.46,-0.76,-0.46,-12.39,1.4256,-0.9220,-0.1397,0.0220,0.0154,0.0932,0.0385,36.78,0.76
"BRB BANCO",BSLI4,Financeiro,2017051573.35,76.14,0.92,0.11,0.0234,,0.0065,0.4405,,,0.3019,,
"BR PARTNERS",BRBI11,Financeiro,,1.68,0.38,0.57,0.2191,0.0011,0.5474,1.0000,0.0998,,,-37.98,1.04
"BTG Pactual",BPAC11,Financeiro,298184006836.52,13.14,2.73,1.10,0.1849,,0.3463,0.9501,,0.3841,0.1705,,
BANPARA,BPAR3,Financeiro,,8.63,0.77,21.09,0.0906,,0.0530,0.4959,,,0.1938,,
"BANCO PAN",BPAN4,"Bancos Digitais",7796745551.25,,,,0.0647,,0.0342,0.4410,,,0.1255,,
BRADESPAR,BRAP4,Financeiro,8344176479.76,16.57,1.01,5.09,0.2540,-0.0038,1.5171,0.5861,0.5270,0.0312,0.0000,0.53,1.62
BRAVA,BRAV3,Energia,9086740162.08,6.77,0.81,3.04,0.1186,0.0341,0.1214,0.2669,0.4248,,1.2440,2.20,1.42
"BANCO BMG",BMGB4,Financeiro,1134211615.25,1.99,0.25,1.41,0.0682,,0.0334,0.3000,,-0.0495,0.1675,,
"MERC INVEST",BMIN4,Financeiro,103498465.18,8.35,0.61,2.15,0.0731,,0.1450,0.0648,,,0.4493,,
MERCANTIL,BMEB4,Financeiro,8298446530.24,14.81,4.00,5.00,0.2908,,0.0750,0.4805,,,0.2988,,
"NORD BRASIL",BNBR3,Financeiro,,3.94,0.76,31.24,0.2038,,0.3051,0.4704,,,0.2069,,
"BEMOBI TECH",BMOB3,Financeiro,2160755814.08,14.67,2.41,1.83,0.1430,0.1049,0.0923,0.2575,0.1255,0.3518,0.6347,-1.62,1.86
"BIC MONARK",BMKS3,"Consumo Discricionário",176547592.5,2.93,0.71,10.52,0.0262,-0.0630,0.2239,0.2887,-1.4207,0.0000,-0.0747,7.73,8.97
BLAU,BLAU3,Saúde,2301803634.27,8.11,1.05,1.26,0.1298,0.0896,0.1733,0.4010,0.2345,0.0301,0.0757,-0.04,2.47
BOMBRIL,BOBR4,"Consumo Básico",287546560.64,-0.20,-0.20,-6.02,1.9376,-0.2101,-0.9620,0.3946,0.1226,0.0728,0.0894,0.82,0.68
BANESTES,BEES3,Financeiro,3029563038.04,5.38,1.25,1.62,0.2368,,0.1033,0.2867,,0.1467,0.2798,,0.83
BARDELLA,BDLL3,Indústria,10312544.72,-0.67,-0.05,-10.53,0.0714,0.2315,-0.2957,0.1543,-0.1604,-0.3030,0.2284,-18.90,0.44
BANESE,BGIP4,Financeiro,1119118163.9,5.37,0.89,6.56,0.1756,,0.0809,0.3063,,,0.2417,,
"BIOMA EDUC",BIED3,"Consumo Discricionário",165658485.34,-2.44,8.55,-2.52,-1.1888,0.0618,-0.2015,0.5013,0.0624,-0.4650,0.1113,1.62,0.21
BIOMM,BIOM3,Saúde,999023133.2,-24.33,3.32,-0.31,-0.1574,0.0139,-0.1588,0.3155,0.0558,,0.3563,3.56,2.23
"CASAS BAHIA",BHIA3,"Consumo Discricionário",2690277367.35,-0.92,0.97,-3.21,-1.3227,1.6678,-0.1023,0.3051,0.1135,1.2351,0.0020,1.44,0.66
MINERVA,BEEF3,"Consumo Básico",4072185150.44,5.25,3.25,0.81,0.9594,0.0519,0.0148,0.1735,0.0862,0.0306,0.2309,2.70,1.34
"AZZAS 2154",AZZA3,"Consumo Discricionário",5032156742.81,5.82,0.67,4.41,0.1123,0.2776,0.0771,0.5496,0.1496,0.7973,0.4934,1.21,1.84
B3,B3SA3,Financeiro,86850265000,20.25,5.56,0.87,0.2421,0.1301,0.4123,0.9053,0.6312,0.0201,0.0459,-0.08,1.91
BAUMER,BALM3,"Consumo Básico",227752000,14.10,1.66,1.84,0.1033,0.2646,0.0846,0.6323,0.2192,-0.0015,0.0557,-0.98,2.29
BBSEGURIDADE,BBSE3,Financeiro,68800000000,7.49,6.70,4.51,0.7943,,,,,0.1855,,,1.28
BRADESCO,BBDC4,Financeiro,184018198670.07,8.58,1.14,2.23,0.1355,,0.0876,0.2825,,,0.2761,,
BRASIL,BBAS3,Financeiro,129860699346.4,9.62,0.70,2.39,0.0745,,0.0429,0.3162,,0.0605,0.2128,,
EXCELSIOR,BAUH4,"Consumo Básico",,21.91,3.49,4.34,0.1647,0.1360,0.0799,0.2492,0.1034,-0.0068,0.0824,-2.42,1.80
ALPHAVILLE,AVLL3,Imobiliário,132824441.48,-1.03,-0.69,-0.64,0.8432,0.2372,-0.2149,0.3521,0.2413,,0.2655,4.00,0.92
ARMAC,ARML3,Indústria,1725540603.06,25.41,1.33,0.19,0.0532,0.1930,0.0355,0.3397,0.3512,,,2.75,2.56
AUREN,AURE3,Utilities,12037331582.04,-18.89,1.00,-0.63,-0.0524,0.0210,-0.0504,0.1632,0.2316,,,6.65,1.32
AZEVEDO,AZEV3,Indústria,126630270.32,-0.25,1.38,-1.04,-1.3979,-0.3850,-1.7695,0.1637,-0.0717,1.9623,0.7386,-8.39,0.45
AZUL,AZUL4,"Companhias Aéreas",743712994.99,2110611.04,-136647.78,0.00,-0.0678,0.5487,0.0869,0.2796,0.3385,-0.4987,0.3038,4.76,0.21
ASSAI,ASAI3,"Consumo Básico",11762186666.78,25.82,7.12,1.31,0.9668,0.2120,0.0696,0.1687,0.0973,-0.2041,0.1649,1.39,1.06
ALIPERTI,APTI4,Financeiro,43207500,65082.50,0.26,0.05,0.0000,-0.0193,0.0000,1.0000,0.4170,-0.8911,0.2033,-2.18,4.51
ESTAPAR,ALPK3,Imobiliário,938628537.24,136.43,2.70,0.03,0.0200,0.2968,0.0038,0.3044,0.2716,,0.2359,2.37,0.68
ALUPAR,ALUP11,Utilities,12154391255.49,9.54,1.27,1.23,0.1379,0.0891,0.2764,0.6957,0.6896,0.0523,-0.0646,3.09,2.45
AMBIPAR,AMBP3,Indústria,400900485.6,-1.50,0.35,-0.15,-0.1769,0.0785,-0.0354,0.1824,0.2750,,0.6758,3.19,2.72
AMERICANAS,AMER3,"Consumo Discricionário",1085327894.58,-3.83,0.22,-1.35,-0.0591,-0.0764,-0.0204,0.2766,-0.0101,,0.0558,-7.02,1.67
ANIMA,ANIM3,"Consumo Discricionário",1619513908.05,14.03,0.75,0.31,0.0526,0.1478,0.0308,0.6296,0.4044,-0.0741,0.2312,2.45,2.22
"LOJAS MARISA",AMAR3,"Consumo Discricionário",457029508.78,-7.62,2.04,-0.12,-0.2189,0.2363,-0.0404,0.5296,0.2327,-0.1980,-0.0494,2.20,0.61
AGROGALAXY,AGXY3,"Consumo Básico",37163360.49,-0.25,-0.20,-172.09,2.6688,-4.6928,-0.8699,-0.0418,-0.4426,,,-0.84,2.19
ALLIED,ALLD3,"Consumo Discricionário",665132993.66,1.96,0.42,3.47,0.2098,0.0736,0.0604,0.1145,0.0332,0.1469,0.0311,0.22,1.80
ALLOS,ALOS3,Imobiliário,14722375652.4,18.34,1.16,1.65,0.0624,0.0930,0.2918,0.7389,0.7187,0.3761,0.2908,-1.18,2.58
ALPARGATAS,ALPA4,"Consumo Discricionário",8057830140.59,14.89,2.55,0.83,0.1439,0.1561,0.1246,0.5217,0.2216,0.3233,0.0562,-0.46,1.61
BRASILAGRO,AGRO3,"Consumo Básico",2114252111.96,-1404.73,1.07,-0.02,-0.0007,0.0046,-0.0015,0.1471,0.1631,0.0291,0.0479,7.64,1.61
SPTURIS,AHEB3,"Consumo Discricionário",218085911,5.45,2.68,4.59,0.1516,0.0851,0.0688,0.1358,0.0622,-0.1290,0.2170,-1.89,2.61
AERIS,AERI3,Indústria,155300490,-0.11,-0.21,-21.15,6.1330,-0.3096,-1.7616,0.0014,-0.4293,,-0.1951,-5.57,0.81
"AFLUENTE T",AFLT3,Utilities,460518310,17.25,1.88,0.41,0.1047,0.0973,0.3447,0.5438,0.4954,0.0191,0.1452,0.20,2.22
ALLIAR,AALR3,Saúde,632291850.3,-7.52,0.57,-0.53,-0.0749,0.0619,-0.0649,0.2683,0.1350,0.1735,0.0666,2.17,1.01
"AMBEV S/A",ABEV3,"Consumo Básico",232641788038.56,15.50,2.73,0.98,0.1690,0.1733,0.1757,0.5142,0.3018,0.0638,0.0861,-0.64,0.96
"ABC BRASIL",ABCB4,Financeiro,3213152230.08,3.28,0.47,-10.94,-0.2277,,-0.1701,0.2436,,-0.0731,0.5276,,
